"parm_id","y_xbar","slope","sigma","x_min","x_max","x_by","dataset","x","y","linear","draw_start","free_draw"
"S",3.88,0.66,1.3,0,20,0.25,"point_data",0,-3.22721569866428,"true",5,TRUE
"S",3.88,0.66,1.3,0,20,0.25,"point_data",0.596853989052233,-3.79960480211767,"true",5,TRUE
"S",3.88,0.66,1.3,0,20,0.25,"point_data",1.28483406302448,-3.58695193851194,"true",5,TRUE
"S",3.88,0.66,1.3,0,20,0.25,"point_data",1.94334782793733,-2.70079103535995,"true",5,TRUE
"S",3.88,0.66,1.3,0,20,0.25,"point_data",2.72529544908785,-0.829894069488388,"true",5,TRUE
"S",3.88,0.66,1.3,0,20,0.25,"point_data",3.54067048250987,-1.0234013069315,"true",5,TRUE
"S",3.88,0.66,1.3,0,20,0.25,"point_data",4.03705007690538,-0.369124092998086,"true",5,TRUE
"S",3.88,0.66,1.3,0,20,0.25,"point_data",4.87216443932275,0.138869746711762,"true",5,TRUE
"S",3.88,0.66,1.3,0,20,0.25,"point_data",5.65042833978028,2.16132720953649,"true",5,TRUE
"S",3.88,0.66,1.3,0,20,0.25,"point_data",6.14931649971715,-1.64552929406033,"true",5,TRUE
"S",3.88,0.66,1.3,0,20,0.25,"point_data",6.90915324184877,2.56213824069496,"true",5,TRUE
"S",3.88,0.66,1.3,0,20,0.25,"point_data",7.64139404374438,0.134762738936519,"true",5,TRUE
"S",3.88,0.66,1.3,0,20,0.25,"point_data",8.39335999772274,3.06529925836045,"true",5,TRUE
"S",3.88,0.66,1.3,0,20,0.25,"point_data",9.0729319146034,4.22090955804232,"true",5,TRUE
"S",3.88,0.66,1.3,0,20,0.25,"point_data",9.69901553000201,3.54125370645319,"true",5,TRUE
"S",3.88,0.66,1.3,0,20,0.25,"point_data",10.2236128360995,3.27441593962693,"true",5,TRUE
"S",3.88,0.66,1.3,0,20,0.25,"point_data",10.9144956838767,3.38415047404604,"true",5,TRUE
"S",3.88,0.66,1.3,0,20,0.25,"point_data",11.8556319609997,4.87852523614448,"true",5,TRUE
"S",3.88,0.66,1.3,0,20,0.25,"point_data",12.4604233783327,7.92030889561643,"true",5,TRUE
"S",3.88,0.66,1.3,0,20,0.25,"point_data",13.0826319721768,8.21111914630161,"true",5,TRUE
"S",3.88,0.66,1.3,0,20,0.25,"point_data",13.8192110857036,6.23861901183439,"true",5,TRUE
"S",3.88,0.66,1.3,0,20,0.25,"point_data",14.5600144130541,5.84386255806452,"true",5,TRUE
"S",3.88,0.66,1.3,0,20,0.25,"point_data",15.1524212607682,9.21809965653843,"true",5,TRUE
"S",3.88,0.66,1.3,0,20,0.25,"point_data",15.7850102220925,8.59983507375542,"true",5,TRUE
"S",3.88,0.66,1.3,0,20,0.25,"point_data",16.4307839525406,6.69236228348511,"true",5,TRUE
"S",3.88,0.66,1.3,0,20,0.25,"point_data",17.3170724036298,9.27763208515335,"true",5,TRUE
"S",3.88,0.66,1.3,0,20,0.25,"point_data",17.9258827876599,10.6714149538329,"true",5,TRUE
"S",3.88,0.66,1.3,0,20,0.25,"point_data",18.7276702193606,10.1682561116829,"true",5,TRUE
"S",3.88,0.66,1.3,0,20,0.25,"point_data",19.3103992759412,11.7689705843936,"true",5,TRUE
"S",3.88,0.66,1.3,0,20,0.25,"point_data",19.9964574087374,10.7119212710234,"true",5,TRUE
"S",3.88,0.66,1.3,0,20,0.25,"line_data",0,-3.78686284366321,"true",5,TRUE
"S",3.88,0.66,1.3,0,20,0.25,"line_data",0.25,-3.59598931909387,"true",5,TRUE
"S",3.88,0.66,1.3,0,20,0.25,"line_data",0.5,-3.40511579452453,"true",5,TRUE
"S",3.88,0.66,1.3,0,20,0.25,"line_data",0.75,-3.2142422699552,"true",5,TRUE
"S",3.88,0.66,1.3,0,20,0.25,"line_data",1,-3.02336874538586,"true",5,TRUE
"S",3.88,0.66,1.3,0,20,0.25,"line_data",1.25,-2.83249522081652,"true",5,TRUE
"S",3.88,0.66,1.3,0,20,0.25,"line_data",1.5,-2.64162169624719,"true",5,TRUE
"S",3.88,0.66,1.3,0,20,0.25,"line_data",1.75,-2.45074817167785,"true",5,TRUE
"S",3.88,0.66,1.3,0,20,0.25,"line_data",2,-2.25987464710851,"true",5,TRUE
"S",3.88,0.66,1.3,0,20,0.25,"line_data",2.25,-2.06900112253917,"true",5,TRUE
"S",3.88,0.66,1.3,0,20,0.25,"line_data",2.5,-1.87812759796984,"true",5,TRUE
"S",3.88,0.66,1.3,0,20,0.25,"line_data",2.75,-1.6872540734005,"true",5,TRUE
"S",3.88,0.66,1.3,0,20,0.25,"line_data",3,-1.49638054883116,"true",5,TRUE
"S",3.88,0.66,1.3,0,20,0.25,"line_data",3.25,-1.30550702426182,"true",5,TRUE
"S",3.88,0.66,1.3,0,20,0.25,"line_data",3.5,-1.11463349969249,"true",5,TRUE
"S",3.88,0.66,1.3,0,20,0.25,"line_data",3.75,-0.923759975123149,"true",5,TRUE
"S",3.88,0.66,1.3,0,20,0.25,"line_data",4,-0.732886450553811,"true",5,TRUE
"S",3.88,0.66,1.3,0,20,0.25,"line_data",4.25,-0.542012925984474,"true",5,TRUE
"S",3.88,0.66,1.3,0,20,0.25,"line_data",4.5,-0.351139401415137,"true",5,TRUE
"S",3.88,0.66,1.3,0,20,0.25,"line_data",4.75,-0.160265876845799,"true",5,TRUE
"S",3.88,0.66,1.3,0,20,0.25,"line_data",5,0.0306076477235382,"true",5,TRUE
"S",3.88,0.66,1.3,0,20,0.25,"line_data",5.25,0.221481172292876,"true",5,TRUE
"S",3.88,0.66,1.3,0,20,0.25,"line_data",5.5,0.412354696862213,"true",5,TRUE
"S",3.88,0.66,1.3,0,20,0.25,"line_data",5.75,0.60322822143155,"true",5,TRUE
"S",3.88,0.66,1.3,0,20,0.25,"line_data",6,0.794101746000888,"true",5,TRUE
"S",3.88,0.66,1.3,0,20,0.25,"line_data",6.25,0.984975270570225,"true",5,TRUE
"S",3.88,0.66,1.3,0,20,0.25,"line_data",6.5,1.17584879513956,"true",5,TRUE
"S",3.88,0.66,1.3,0,20,0.25,"line_data",6.75,1.3667223197089,"true",5,TRUE
"S",3.88,0.66,1.3,0,20,0.25,"line_data",7,1.55759584427824,"true",5,TRUE
"S",3.88,0.66,1.3,0,20,0.25,"line_data",7.25,1.74846936884757,"true",5,TRUE
"S",3.88,0.66,1.3,0,20,0.25,"line_data",7.5,1.93934289341691,"true",5,TRUE
"S",3.88,0.66,1.3,0,20,0.25,"line_data",7.75,2.13021641798625,"true",5,TRUE
"S",3.88,0.66,1.3,0,20,0.25,"line_data",8,2.32108994255559,"true",5,TRUE
"S",3.88,0.66,1.3,0,20,0.25,"line_data",8.25,2.51196346712492,"true",5,TRUE
"S",3.88,0.66,1.3,0,20,0.25,"line_data",8.5,2.70283699169426,"true",5,TRUE
"S",3.88,0.66,1.3,0,20,0.25,"line_data",8.75,2.8937105162636,"true",5,TRUE
"S",3.88,0.66,1.3,0,20,0.25,"line_data",9,3.08458404083294,"true",5,TRUE
"S",3.88,0.66,1.3,0,20,0.25,"line_data",9.25,3.27545756540227,"true",5,TRUE
"S",3.88,0.66,1.3,0,20,0.25,"line_data",9.5,3.46633108997161,"true",5,TRUE
"S",3.88,0.66,1.3,0,20,0.25,"line_data",9.75,3.65720461454095,"true",5,TRUE
"S",3.88,0.66,1.3,0,20,0.25,"line_data",10,3.84807813911029,"true",5,TRUE
"S",3.88,0.66,1.3,0,20,0.25,"line_data",10.25,4.03895166367962,"true",5,TRUE
"S",3.88,0.66,1.3,0,20,0.25,"line_data",10.5,4.22982518824896,"true",5,TRUE
"S",3.88,0.66,1.3,0,20,0.25,"line_data",10.75,4.4206987128183,"true",5,TRUE
"S",3.88,0.66,1.3,0,20,0.25,"line_data",11,4.61157223738764,"true",5,TRUE
"S",3.88,0.66,1.3,0,20,0.25,"line_data",11.25,4.80244576195697,"true",5,TRUE
"S",3.88,0.66,1.3,0,20,0.25,"line_data",11.5,4.99331928652631,"true",5,TRUE
"S",3.88,0.66,1.3,0,20,0.25,"line_data",11.75,5.18419281109565,"true",5,TRUE
"S",3.88,0.66,1.3,0,20,0.25,"line_data",12,5.37506633566499,"true",5,TRUE
"S",3.88,0.66,1.3,0,20,0.25,"line_data",12.25,5.56593986023432,"true",5,TRUE
"S",3.88,0.66,1.3,0,20,0.25,"line_data",12.5,5.75681338480366,"true",5,TRUE
"S",3.88,0.66,1.3,0,20,0.25,"line_data",12.75,5.947686909373,"true",5,TRUE
"S",3.88,0.66,1.3,0,20,0.25,"line_data",13,6.13856043394233,"true",5,TRUE
"S",3.88,0.66,1.3,0,20,0.25,"line_data",13.25,6.32943395851167,"true",5,TRUE
"S",3.88,0.66,1.3,0,20,0.25,"line_data",13.5,6.52030748308101,"true",5,TRUE
"S",3.88,0.66,1.3,0,20,0.25,"line_data",13.75,6.71118100765035,"true",5,TRUE
"S",3.88,0.66,1.3,0,20,0.25,"line_data",14,6.90205453221968,"true",5,TRUE
"S",3.88,0.66,1.3,0,20,0.25,"line_data",14.25,7.09292805678902,"true",5,TRUE
"S",3.88,0.66,1.3,0,20,0.25,"line_data",14.5,7.28380158135836,"true",5,TRUE
"S",3.88,0.66,1.3,0,20,0.25,"line_data",14.75,7.4746751059277,"true",5,TRUE
"S",3.88,0.66,1.3,0,20,0.25,"line_data",15,7.66554863049703,"true",5,TRUE
"S",3.88,0.66,1.3,0,20,0.25,"line_data",15.25,7.85642215506637,"true",5,TRUE
"S",3.88,0.66,1.3,0,20,0.25,"line_data",15.5,8.04729567963571,"true",5,TRUE
"S",3.88,0.66,1.3,0,20,0.25,"line_data",15.75,8.23816920420505,"true",5,TRUE
"S",3.88,0.66,1.3,0,20,0.25,"line_data",16,8.42904272877438,"true",5,TRUE
"S",3.88,0.66,1.3,0,20,0.25,"line_data",16.25,8.61991625334372,"true",5,TRUE
"S",3.88,0.66,1.3,0,20,0.25,"line_data",16.5,8.81078977791306,"true",5,TRUE
"S",3.88,0.66,1.3,0,20,0.25,"line_data",16.75,9.0016633024824,"true",5,TRUE
"S",3.88,0.66,1.3,0,20,0.25,"line_data",17,9.19253682705173,"true",5,TRUE
"S",3.88,0.66,1.3,0,20,0.25,"line_data",17.25,9.38341035162107,"true",5,TRUE
"S",3.88,0.66,1.3,0,20,0.25,"line_data",17.5,9.57428387619041,"true",5,TRUE
"S",3.88,0.66,1.3,0,20,0.25,"line_data",17.75,9.76515740075975,"true",5,TRUE
"S",3.88,0.66,1.3,0,20,0.25,"line_data",18,9.95603092532908,"true",5,TRUE
"S",3.88,0.66,1.3,0,20,0.25,"line_data",18.25,10.1469044498984,"true",5,TRUE
"S",3.88,0.66,1.3,0,20,0.25,"line_data",18.5,10.3377779744678,"true",5,TRUE
"S",3.88,0.66,1.3,0,20,0.25,"line_data",18.75,10.5286514990371,"true",5,TRUE
"S",3.88,0.66,1.3,0,20,0.25,"line_data",19,10.7195250236064,"true",5,TRUE
"S",3.88,0.66,1.3,0,20,0.25,"line_data",19.25,10.9103985481758,"true",5,TRUE
"S",3.88,0.66,1.3,0,20,0.25,"line_data",19.5,11.1012720727451,"true",5,TRUE
"S",3.88,0.66,1.3,0,20,0.25,"line_data",19.75,11.2921455973144,"true",5,TRUE
"S",3.88,0.66,1.3,0,20,0.25,"line_data",20,11.4830191218838,"true",5,TRUE
"F",3.9,0.66,2.8,0,20,0.25,"point_data",0,-4.88126062665766,"true",5,TRUE
"F",3.9,0.66,2.8,0,20,0.25,"point_data",0.634129498156366,-5.21747936453889,"true",5,TRUE
"F",3.9,0.66,2.8,0,20,0.25,"point_data",1.38674701919522,1.9771995424062,"true",5,TRUE
"F",3.9,0.66,2.8,0,20,0.25,"point_data",2.03561008767398,0.143552652386383,"true",5,TRUE
"F",3.9,0.66,2.8,0,20,0.25,"point_data",2.86109445627637,-5.20959409785926,"true",5,TRUE
"F",3.9,0.66,2.8,0,20,0.25,"point_data",3.5311113873805,-4.24059283099134,"true",5,TRUE
"F",3.9,0.66,2.8,0,20,0.25,"point_data",4.17127618623499,1.24482290588763,"true",5,TRUE
"F",3.9,0.66,2.8,0,20,0.25,"point_data",4.89024723935346,-1.46226245636564,"true",5,TRUE
"F",3.9,0.66,2.8,0,20,0.25,"point_data",5.38595118275747,-1.68167948215582,"true",5,TRUE
"F",3.9,0.66,2.8,0,20,0.25,"point_data",6.22621397631204,2.8158889372219,"true",5,TRUE
"F",3.9,0.66,2.8,0,20,0.25,"point_data",6.84952341611516,0.339536710641305,"true",5,TRUE
"F",3.9,0.66,2.8,0,20,0.25,"point_data",7.52672830776947,2.76968386272845,"true",5,TRUE
"F",3.9,0.66,2.8,0,20,0.25,"point_data",8.36882073854976,4.72123276271554,"true",5,TRUE
"F",3.9,0.66,2.8,0,20,0.25,"point_data",8.84345806999325,1.06534383729946,"true",5,TRUE
"F",3.9,0.66,2.8,0,20,0.25,"point_data",9.52644880731468,0.402104613551626,"true",5,TRUE
"F",3.9,0.66,2.8,0,20,0.25,"point_data",10.3101240754903,4.44287733779322,"true",5,TRUE
"F",3.9,0.66,2.8,0,20,0.25,"point_data",11.1604588875677,-1.48648484776178,"true",5,TRUE
"F",3.9,0.66,2.8,0,20,0.25,"point_data",11.5962769952422,2.10887301152474,"true",5,TRUE
"F",3.9,0.66,2.8,0,20,0.25,"point_data",12.3845545418814,3.49003486510507,"true",5,TRUE
"F",3.9,0.66,2.8,0,20,0.25,"point_data",13.0905500047782,1.17493452581186,"true",5,TRUE
"F",3.9,0.66,2.8,0,20,0.25,"point_data",13.8458878361996,7.75421869367281,"true",5,TRUE
"F",3.9,0.66,2.8,0,20,0.25,"point_data",14.3752913821629,5.56502399937283,"true",5,TRUE
"F",3.9,0.66,2.8,0,20,0.25,"point_data",15.1467478698135,6.90544111411024,"true",5,TRUE
"F",3.9,0.66,2.8,0,20,0.25,"point_data",15.9521414877477,4.32856371085226,"true",5,TRUE
"F",3.9,0.66,2.8,0,20,0.25,"point_data",16.6348541509871,7.47297547210987,"true",5,TRUE
"F",3.9,0.66,2.8,0,20,0.25,"point_data",17.2234282048508,11.3404487065597,"true",5,TRUE
"F",3.9,0.66,2.8,0,20,0.25,"point_data",17.8353305874021,6.03701462662573,"true",5,TRUE
"F",3.9,0.66,2.8,0,20,0.25,"point_data",18.7336513535853,3.85250485977704,"true",5,TRUE
"F",3.9,0.66,2.8,0,20,0.25,"point_data",19.3626409275247,10.2817287261873,"true",5,TRUE
"F",3.9,0.66,2.8,0,20,0.25,"point_data",19.8779129642025,10.6874494740104,"true",5,TRUE
"F",3.9,0.66,2.8,0,20,0.25,"line_data",0,-3.70698831679174,"true",5,TRUE
"F",3.9,0.66,2.8,0,20,0.25,"line_data",0.25,-3.55024022740271,"true",5,TRUE
"F",3.9,0.66,2.8,0,20,0.25,"line_data",0.5,-3.39349213801367,"true",5,TRUE
"F",3.9,0.66,2.8,0,20,0.25,"line_data",0.75,-3.23674404862464,"true",5,TRUE
"F",3.9,0.66,2.8,0,20,0.25,"line_data",1,-3.0799959592356,"true",5,TRUE
"F",3.9,0.66,2.8,0,20,0.25,"line_data",1.25,-2.92324786984657,"true",5,TRUE
"F",3.9,0.66,2.8,0,20,0.25,"line_data",1.5,-2.76649978045753,"true",5,TRUE
"F",3.9,0.66,2.8,0,20,0.25,"line_data",1.75,-2.6097516910685,"true",5,TRUE
"F",3.9,0.66,2.8,0,20,0.25,"line_data",2,-2.45300360167946,"true",5,TRUE
"F",3.9,0.66,2.8,0,20,0.25,"line_data",2.25,-2.29625551229043,"true",5,TRUE
"F",3.9,0.66,2.8,0,20,0.25,"line_data",2.5,-2.13950742290139,"true",5,TRUE
"F",3.9,0.66,2.8,0,20,0.25,"line_data",2.75,-1.98275933351236,"true",5,TRUE
"F",3.9,0.66,2.8,0,20,0.25,"line_data",3,-1.82601124412332,"true",5,TRUE
"F",3.9,0.66,2.8,0,20,0.25,"line_data",3.25,-1.66926315473428,"true",5,TRUE
"F",3.9,0.66,2.8,0,20,0.25,"line_data",3.5,-1.51251506534525,"true",5,TRUE
"F",3.9,0.66,2.8,0,20,0.25,"line_data",3.75,-1.35576697595621,"true",5,TRUE
"F",3.9,0.66,2.8,0,20,0.25,"line_data",4,-1.19901888656718,"true",5,TRUE
"F",3.9,0.66,2.8,0,20,0.25,"line_data",4.25,-1.04227079717814,"true",5,TRUE
"F",3.9,0.66,2.8,0,20,0.25,"line_data",4.5,-0.885522707789109,"true",5,TRUE
"F",3.9,0.66,2.8,0,20,0.25,"line_data",4.75,-0.728774618400073,"true",5,TRUE
"F",3.9,0.66,2.8,0,20,0.25,"line_data",5,-0.572026529011038,"true",5,TRUE
"F",3.9,0.66,2.8,0,20,0.25,"line_data",5.25,-0.415278439622003,"true",5,TRUE
"F",3.9,0.66,2.8,0,20,0.25,"line_data",5.5,-0.258530350232967,"true",5,TRUE
"F",3.9,0.66,2.8,0,20,0.25,"line_data",5.75,-0.101782260843932,"true",5,TRUE
"F",3.9,0.66,2.8,0,20,0.25,"line_data",6,0.0549658285451029,"true",5,TRUE
"F",3.9,0.66,2.8,0,20,0.25,"line_data",6.25,0.211713917934139,"true",5,TRUE
"F",3.9,0.66,2.8,0,20,0.25,"line_data",6.5,0.368462007323173,"true",5,TRUE
"F",3.9,0.66,2.8,0,20,0.25,"line_data",6.75,0.525210096712209,"true",5,TRUE
"F",3.9,0.66,2.8,0,20,0.25,"line_data",7,0.681958186101244,"true",5,TRUE
"F",3.9,0.66,2.8,0,20,0.25,"line_data",7.25,0.83870627549028,"true",5,TRUE
"F",3.9,0.66,2.8,0,20,0.25,"line_data",7.5,0.995454364879315,"true",5,TRUE
"F",3.9,0.66,2.8,0,20,0.25,"line_data",7.75,1.15220245426835,"true",5,TRUE
"F",3.9,0.66,2.8,0,20,0.25,"line_data",8,1.30895054365739,"true",5,TRUE
"F",3.9,0.66,2.8,0,20,0.25,"line_data",8.25,1.46569863304642,"true",5,TRUE
"F",3.9,0.66,2.8,0,20,0.25,"line_data",8.5,1.62244672243546,"true",5,TRUE
"F",3.9,0.66,2.8,0,20,0.25,"line_data",8.75,1.77919481182449,"true",5,TRUE
"F",3.9,0.66,2.8,0,20,0.25,"line_data",9,1.93594290121353,"true",5,TRUE
"F",3.9,0.66,2.8,0,20,0.25,"line_data",9.25,2.09269099060256,"true",5,TRUE
"F",3.9,0.66,2.8,0,20,0.25,"line_data",9.5,2.2494390799916,"true",5,TRUE
"F",3.9,0.66,2.8,0,20,0.25,"line_data",9.75,2.40618716938063,"true",5,TRUE
"F",3.9,0.66,2.8,0,20,0.25,"line_data",10,2.56293525876967,"true",5,TRUE
"F",3.9,0.66,2.8,0,20,0.25,"line_data",10.25,2.7196833481587,"true",5,TRUE
"F",3.9,0.66,2.8,0,20,0.25,"line_data",10.5,2.87643143754774,"true",5,TRUE
"F",3.9,0.66,2.8,0,20,0.25,"line_data",10.75,3.03317952693677,"true",5,TRUE
"F",3.9,0.66,2.8,0,20,0.25,"line_data",11,3.18992761632581,"true",5,TRUE
"F",3.9,0.66,2.8,0,20,0.25,"line_data",11.25,3.34667570571484,"true",5,TRUE
"F",3.9,0.66,2.8,0,20,0.25,"line_data",11.5,3.50342379510388,"true",5,TRUE
"F",3.9,0.66,2.8,0,20,0.25,"line_data",11.75,3.66017188449291,"true",5,TRUE
"F",3.9,0.66,2.8,0,20,0.25,"line_data",12,3.81691997388195,"true",5,TRUE
"F",3.9,0.66,2.8,0,20,0.25,"line_data",12.25,3.97366806327098,"true",5,TRUE
"F",3.9,0.66,2.8,0,20,0.25,"line_data",12.5,4.13041615266002,"true",5,TRUE
"F",3.9,0.66,2.8,0,20,0.25,"line_data",12.75,4.28716424204906,"true",5,TRUE
"F",3.9,0.66,2.8,0,20,0.25,"line_data",13,4.44391233143809,"true",5,TRUE
"F",3.9,0.66,2.8,0,20,0.25,"line_data",13.25,4.60066042082712,"true",5,TRUE
"F",3.9,0.66,2.8,0,20,0.25,"line_data",13.5,4.75740851021616,"true",5,TRUE
"F",3.9,0.66,2.8,0,20,0.25,"line_data",13.75,4.9141565996052,"true",5,TRUE
"F",3.9,0.66,2.8,0,20,0.25,"line_data",14,5.07090468899423,"true",5,TRUE
"F",3.9,0.66,2.8,0,20,0.25,"line_data",14.25,5.22765277838327,"true",5,TRUE
"F",3.9,0.66,2.8,0,20,0.25,"line_data",14.5,5.3844008677723,"true",5,TRUE
"F",3.9,0.66,2.8,0,20,0.25,"line_data",14.75,5.54114895716134,"true",5,TRUE
"F",3.9,0.66,2.8,0,20,0.25,"line_data",15,5.69789704655037,"true",5,TRUE
"F",3.9,0.66,2.8,0,20,0.25,"line_data",15.25,5.85464513593941,"true",5,TRUE
"F",3.9,0.66,2.8,0,20,0.25,"line_data",15.5,6.01139322532844,"true",5,TRUE
"F",3.9,0.66,2.8,0,20,0.25,"line_data",15.75,6.16814131471748,"true",5,TRUE
"F",3.9,0.66,2.8,0,20,0.25,"line_data",16,6.32488940410651,"true",5,TRUE
"F",3.9,0.66,2.8,0,20,0.25,"line_data",16.25,6.48163749349555,"true",5,TRUE
"F",3.9,0.66,2.8,0,20,0.25,"line_data",16.5,6.63838558288458,"true",5,TRUE
"F",3.9,0.66,2.8,0,20,0.25,"line_data",16.75,6.79513367227362,"true",5,TRUE
"F",3.9,0.66,2.8,0,20,0.25,"line_data",17,6.95188176166265,"true",5,TRUE
"F",3.9,0.66,2.8,0,20,0.25,"line_data",17.25,7.10862985105169,"true",5,TRUE
"F",3.9,0.66,2.8,0,20,0.25,"line_data",17.5,7.26537794044072,"true",5,TRUE
"F",3.9,0.66,2.8,0,20,0.25,"line_data",17.75,7.42212602982976,"true",5,TRUE
"F",3.9,0.66,2.8,0,20,0.25,"line_data",18,7.57887411921879,"true",5,TRUE
"F",3.9,0.66,2.8,0,20,0.25,"line_data",18.25,7.73562220860783,"true",5,TRUE
"F",3.9,0.66,2.8,0,20,0.25,"line_data",18.5,7.89237029799687,"true",5,TRUE
"F",3.9,0.66,2.8,0,20,0.25,"line_data",18.75,8.0491183873859,"true",5,TRUE
"F",3.9,0.66,2.8,0,20,0.25,"line_data",19,8.20586647677494,"true",5,TRUE
"F",3.9,0.66,2.8,0,20,0.25,"line_data",19.25,8.36261456616397,"true",5,TRUE
"F",3.9,0.66,2.8,0,20,0.25,"line_data",19.5,8.51936265555301,"true",5,TRUE
"F",3.9,0.66,2.8,0,20,0.25,"line_data",19.75,8.67611074494204,"true",5,TRUE
"F",3.9,0.66,2.8,0,20,0.25,"line_data",20,8.83285883433108,"true",5,TRUE
"V",3.89,1.98,1.5,4,16,0.25,"point_data",4.01136253250297,-9.60711527462821,"true",5,TRUE
"V",3.89,1.98,1.5,4,16,0.25,"point_data",4.34720521145144,-8.63820129583427,"true",5,TRUE
"V",3.89,1.98,1.5,4,16,0.25,"point_data",4.84928273282046,-5.28069924214819,"true",5,TRUE
"V",3.89,1.98,1.5,4,16,0.25,"point_data",5.23004153309531,-4.21582003549266,"true",5,TRUE
"V",3.89,1.98,1.5,4,16,0.25,"point_data",5.63631901263976,-3.64662598989457,"true",5,TRUE
"V",3.89,1.98,1.5,4,16,0.25,"point_data",6.02744087774294,-4.64630217571206,"true",5,TRUE
"V",3.89,1.98,1.5,4,16,0.25,"point_data",6.45440279389362,-5.25070151316696,"true",5,TRUE
"V",3.89,1.98,1.5,4,16,0.25,"point_data",6.89632413863131,-2.32699435493746,"true",5,TRUE
"V",3.89,1.98,1.5,4,16,0.25,"point_data",7.26342565667478,-2.45518586896057,"true",5,TRUE
"V",3.89,1.98,1.5,4,16,0.25,"point_data",7.77230669138073,-2.34076142354516,"true",5,TRUE
"V",3.89,1.98,1.5,4,16,0.25,"point_data",8.12276116071522,1.58903967751846,"true",5,TRUE
"V",3.89,1.98,1.5,4,16,0.25,"point_data",8.54626193826636,2.38759373037491,"true",5,TRUE
"V",3.89,1.98,1.5,4,16,0.25,"point_data",8.91287822514686,1.45756831758605,"true",5,TRUE
"V",3.89,1.98,1.5,4,16,0.25,"point_data",9.39337557369307,3.71314236956029,"true",5,TRUE
"V",3.89,1.98,1.5,4,16,0.25,"point_data",9.85127876303011,1.41148491656269,"true",5,TRUE
"V",3.89,1.98,1.5,4,16,0.25,"point_data",10.2422104677498,4.25419669542226,"true",5,TRUE
"V",3.89,1.98,1.5,4,16,0.25,"point_data",10.6755776649376,4.17695384982106,"true",5,TRUE
"V",3.89,1.98,1.5,4,16,0.25,"point_data",11.0776646376876,6.93551859570428,"true",5,TRUE
"V",3.89,1.98,1.5,4,16,0.25,"point_data",11.5186170280707,9.1411097072097,"true",5,TRUE
"V",3.89,1.98,1.5,4,16,0.25,"point_data",11.8512066405651,6.19399182343872,"true",5,TRUE
"V",3.89,1.98,1.5,4,16,0.25,"point_data",12.2471457899534,10.1436515691968,"true",5,TRUE
"V",3.89,1.98,1.5,4,16,0.25,"point_data",12.7073912416507,13.4744281237631,"true",5,TRUE
"V",3.89,1.98,1.5,4,16,0.25,"point_data",13.1631172010031,11.4406023432852,"true",5,TRUE
"V",3.89,1.98,1.5,4,16,0.25,"point_data",13.5459137837309,12.3990263655695,"true",5,TRUE
"V",3.89,1.98,1.5,4,16,0.25,"point_data",13.9895072169277,8.95362010393839,"true",5,TRUE
"V",3.89,1.98,1.5,4,16,0.25,"point_data",14.3041297452769,12.7339756580073,"true",5,TRUE
"V",3.89,1.98,1.5,4,16,0.25,"point_data",14.8296693322244,13.9575785725893,"true",5,TRUE
"V",3.89,1.98,1.5,4,16,0.25,"point_data",15.2322078040015,13.3943569577536,"true",5,TRUE
"V",3.89,1.98,1.5,4,16,0.25,"point_data",15.5563203451036,16.2726652036496,"true",5,TRUE
"V",3.89,1.98,1.5,4,16,0.25,"point_data",16,14.702461329147,"true",5,TRUE
"V",3.89,1.98,1.5,4,16,0.25,"line_data",4,-8.32671268922375,"true",5,TRUE
"V",3.89,1.98,1.5,4,16,0.25,"line_data",4.25,-7.81337709591326,"true",5,TRUE
"V",3.89,1.98,1.5,4,16,0.25,"line_data",4.5,-7.30004150260277,"true",5,TRUE
"V",3.89,1.98,1.5,4,16,0.25,"line_data",4.75,-6.78670590929227,"true",5,TRUE
"V",3.89,1.98,1.5,4,16,0.25,"line_data",5,-6.27337031598178,"true",5,TRUE
"V",3.89,1.98,1.5,4,16,0.25,"line_data",5.25,-5.76003472267128,"true",5,TRUE
"V",3.89,1.98,1.5,4,16,0.25,"line_data",5.5,-5.24669912936079,"true",5,TRUE
"V",3.89,1.98,1.5,4,16,0.25,"line_data",5.75,-4.7333635360503,"true",5,TRUE
"V",3.89,1.98,1.5,4,16,0.25,"line_data",6,-4.2200279427398,"true",5,TRUE
"V",3.89,1.98,1.5,4,16,0.25,"line_data",6.25,-3.70669234942931,"true",5,TRUE
"V",3.89,1.98,1.5,4,16,0.25,"line_data",6.5,-3.19335675611882,"true",5,TRUE
"V",3.89,1.98,1.5,4,16,0.25,"line_data",6.75,-2.68002116280832,"true",5,TRUE
"V",3.89,1.98,1.5,4,16,0.25,"line_data",7,-2.16668556949783,"true",5,TRUE
"V",3.89,1.98,1.5,4,16,0.25,"line_data",7.25,-1.65334997618733,"true",5,TRUE
"V",3.89,1.98,1.5,4,16,0.25,"line_data",7.5,-1.14001438287684,"true",5,TRUE
"V",3.89,1.98,1.5,4,16,0.25,"line_data",7.75,-0.626678789566345,"true",5,TRUE
"V",3.89,1.98,1.5,4,16,0.25,"line_data",8,-0.113343196255851,"true",5,TRUE
"V",3.89,1.98,1.5,4,16,0.25,"line_data",8.25,0.399992397054643,"true",5,TRUE
"V",3.89,1.98,1.5,4,16,0.25,"line_data",8.5,0.913327990365136,"true",5,TRUE
"V",3.89,1.98,1.5,4,16,0.25,"line_data",8.75,1.42666358367563,"true",5,TRUE
"V",3.89,1.98,1.5,4,16,0.25,"line_data",9,1.93999917698612,"true",5,TRUE
"V",3.89,1.98,1.5,4,16,0.25,"line_data",9.25,2.45333477029662,"true",5,TRUE
"V",3.89,1.98,1.5,4,16,0.25,"line_data",9.5,2.96667036360711,"true",5,TRUE
"V",3.89,1.98,1.5,4,16,0.25,"line_data",9.75,3.4800059569176,"true",5,TRUE
"V",3.89,1.98,1.5,4,16,0.25,"line_data",10,3.9933415502281,"true",5,TRUE
"V",3.89,1.98,1.5,4,16,0.25,"line_data",10.25,4.5066771435386,"true",5,TRUE
"V",3.89,1.98,1.5,4,16,0.25,"line_data",10.5,5.02001273684909,"true",5,TRUE
"V",3.89,1.98,1.5,4,16,0.25,"line_data",10.75,5.53334833015958,"true",5,TRUE
"V",3.89,1.98,1.5,4,16,0.25,"line_data",11,6.04668392347008,"true",5,TRUE
"V",3.89,1.98,1.5,4,16,0.25,"line_data",11.25,6.56001951678057,"true",5,TRUE
"V",3.89,1.98,1.5,4,16,0.25,"line_data",11.5,7.07335511009106,"true",5,TRUE
"V",3.89,1.98,1.5,4,16,0.25,"line_data",11.75,7.58669070340156,"true",5,TRUE
"V",3.89,1.98,1.5,4,16,0.25,"line_data",12,8.10002629671205,"true",5,TRUE
"V",3.89,1.98,1.5,4,16,0.25,"line_data",12.25,8.61336189002255,"true",5,TRUE
"V",3.89,1.98,1.5,4,16,0.25,"line_data",12.5,9.12669748333304,"true",5,TRUE
"V",3.89,1.98,1.5,4,16,0.25,"line_data",12.75,9.64003307664353,"true",5,TRUE
"V",3.89,1.98,1.5,4,16,0.25,"line_data",13,10.153368669954,"true",5,TRUE
"V",3.89,1.98,1.5,4,16,0.25,"line_data",13.25,10.6667042632645,"true",5,TRUE
"V",3.89,1.98,1.5,4,16,0.25,"line_data",13.5,11.180039856575,"true",5,TRUE
"V",3.89,1.98,1.5,4,16,0.25,"line_data",13.75,11.6933754498855,"true",5,TRUE
"V",3.89,1.98,1.5,4,16,0.25,"line_data",14,12.206711043196,"true",5,TRUE
"V",3.89,1.98,1.5,4,16,0.25,"line_data",14.25,12.7200466365065,"true",5,TRUE
"V",3.89,1.98,1.5,4,16,0.25,"line_data",14.5,13.233382229817,"true",5,TRUE
"V",3.89,1.98,1.5,4,16,0.25,"line_data",14.75,13.7467178231275,"true",5,TRUE
"V",3.89,1.98,1.5,4,16,0.25,"line_data",15,14.260053416438,"true",5,TRUE
"V",3.89,1.98,1.5,4,16,0.25,"line_data",15.25,14.7733890097485,"true",5,TRUE
"V",3.89,1.98,1.5,4,16,0.25,"line_data",15.5,15.286724603059,"true",5,TRUE
"V",3.89,1.98,1.5,4,16,0.25,"line_data",15.75,15.8000601963695,"true",5,TRUE
"V",3.89,1.98,1.5,4,16,0.25,"line_data",16,16.31339578968,"true",5,TRUE
"N",4.11,-0.7,2.5,0,20,0.25,"point_data",0,10.4068724106179,"true",5,TRUE
"N",4.11,-0.7,2.5,0,20,0.25,"point_data",0.706725488653985,12.1411536642458,"true",5,TRUE
"N",4.11,-0.7,2.5,0,20,0.25,"point_data",1.42437247362476,11.9572710263501,"true",5,TRUE
"N",4.11,-0.7,2.5,0,20,0.25,"point_data",2.02064939080911,13.2222260200617,"true",5,TRUE
"N",4.11,-0.7,2.5,0,20,0.25,"point_data",2.7828570521348,7.98146962275543,"true",5,TRUE
"N",4.11,-0.7,2.5,0,20,0.25,"point_data",3.51927646966754,5.76960620366907,"true",5,TRUE
"N",4.11,-0.7,2.5,0,20,0.25,"point_data",4.225820565365,6.14862017110912,"true",5,TRUE
"N",4.11,-0.7,2.5,0,20,0.25,"point_data",4.89853785437564,6.74445365115247,"true",5,TRUE
"N",4.11,-0.7,2.5,0,20,0.25,"point_data",5.46532677402437,6.42461875425233,"true",5,TRUE
"N",4.11,-0.7,2.5,0,20,0.25,"point_data",6.0790342979092,7.71075444186984,"true",5,TRUE
"N",4.11,-0.7,2.5,0,20,0.25,"point_data",7.02757273730841,6.4339760576645,"true",5,TRUE
"N",4.11,-0.7,2.5,0,20,0.25,"point_data",7.51306367474499,7.22027846138596,"true",5,TRUE
"N",4.11,-0.7,2.5,0,20,0.25,"point_data",8.3659508031527,2.15281524775503,"true",5,TRUE
"N",4.11,-0.7,2.5,0,20,0.25,"point_data",9.06954165083363,6.19700499420886,"true",5,TRUE
"N",4.11,-0.7,2.5,0,20,0.25,"point_data",9.5482424330606,7.65688172476976,"true",5,TRUE
"N",4.11,-0.7,2.5,0,20,0.25,"point_data",10.2988023427234,5.1159296939532,"true",5,TRUE
"N",4.11,-0.7,2.5,0,20,0.25,"point_data",11.1379826737958,7.32408258797041,"true",5,TRUE
"N",4.11,-0.7,2.5,0,20,0.25,"point_data",11.7287111603101,3.85443007626608,"true",5,TRUE
"N",4.11,-0.7,2.5,0,20,0.25,"point_data",12.4574016679965,4.25192600202271,"true",5,TRUE
"N",4.11,-0.7,2.5,0,20,0.25,"point_data",13.1765616676861,5.90926931241286,"true",5,TRUE
"N",4.11,-0.7,2.5,0,20,0.25,"point_data",13.7580766339976,1.25500729645546,"true",5,TRUE
"N",4.11,-0.7,2.5,0,20,0.25,"point_data",14.4035581931202,-1.77202767639759,"true",5,TRUE
"N",4.11,-0.7,2.5,0,20,0.25,"point_data",15.1393053920806,8.44667058496255,"true",5,TRUE
"N",4.11,-0.7,2.5,0,20,0.25,"point_data",15.978312116042,2.42689957206581,"true",5,TRUE
"N",4.11,-0.7,2.5,0,20,0.25,"point_data",16.5359416795549,-1.43375285795182,"true",5,TRUE
"N",4.11,-0.7,2.5,0,20,0.25,"point_data",17.205270248083,-2.31329053760115,"true",5,TRUE
"N",4.11,-0.7,2.5,0,20,0.25,"point_data",17.9694583452792,1.97519476274152,"true",5,TRUE
"N",4.11,-0.7,2.5,0,20,0.25,"point_data",18.489373719244,-3.18422652268535,"true",5,TRUE
"N",4.11,-0.7,2.5,0,20,0.25,"point_data",19.2093558843,-3.58068337574894,"true",5,TRUE
"N",4.11,-0.7,2.5,0,20,0.25,"point_data",20,-5.91402058706241,"true",5,TRUE
"N",4.11,-0.7,2.5,0,20,0.25,"line_data",0,11.5415242241736,"true",5,TRUE
"N",4.11,-0.7,2.5,0,20,0.25,"line_data",0.25,11.3701711174171,"true",5,TRUE
"N",4.11,-0.7,2.5,0,20,0.25,"line_data",0.5,11.1988180106605,"true",5,TRUE
"N",4.11,-0.7,2.5,0,20,0.25,"line_data",0.75,11.027464903904,"true",5,TRUE
"N",4.11,-0.7,2.5,0,20,0.25,"line_data",1,10.8561117971475,"true",5,TRUE
"N",4.11,-0.7,2.5,0,20,0.25,"line_data",1.25,10.684758690391,"true",5,TRUE
"N",4.11,-0.7,2.5,0,20,0.25,"line_data",1.5,10.5134055836344,"true",5,TRUE
"N",4.11,-0.7,2.5,0,20,0.25,"line_data",1.75,10.3420524768779,"true",5,TRUE
"N",4.11,-0.7,2.5,0,20,0.25,"line_data",2,10.1706993701214,"true",5,TRUE
"N",4.11,-0.7,2.5,0,20,0.25,"line_data",2.25,9.99934626336486,"true",5,TRUE
"N",4.11,-0.7,2.5,0,20,0.25,"line_data",2.5,9.82799315660834,"true",5,TRUE
"N",4.11,-0.7,2.5,0,20,0.25,"line_data",2.75,9.65664004985181,"true",5,TRUE
"N",4.11,-0.7,2.5,0,20,0.25,"line_data",3,9.48528694309529,"true",5,TRUE
"N",4.11,-0.7,2.5,0,20,0.25,"line_data",3.25,9.31393383633877,"true",5,TRUE
"N",4.11,-0.7,2.5,0,20,0.25,"line_data",3.5,9.14258072958224,"true",5,TRUE
"N",4.11,-0.7,2.5,0,20,0.25,"line_data",3.75,8.97122762282572,"true",5,TRUE
"N",4.11,-0.7,2.5,0,20,0.25,"line_data",4,8.79987451606919,"true",5,TRUE
"N",4.11,-0.7,2.5,0,20,0.25,"line_data",4.25,8.62852140931267,"true",5,TRUE
"N",4.11,-0.7,2.5,0,20,0.25,"line_data",4.5,8.45716830255614,"true",5,TRUE
"N",4.11,-0.7,2.5,0,20,0.25,"line_data",4.75,8.28581519579962,"true",5,TRUE
"N",4.11,-0.7,2.5,0,20,0.25,"line_data",5,8.1144620890431,"true",5,TRUE
"N",4.11,-0.7,2.5,0,20,0.25,"line_data",5.25,7.94310898228657,"true",5,TRUE
"N",4.11,-0.7,2.5,0,20,0.25,"line_data",5.5,7.77175587553005,"true",5,TRUE
"N",4.11,-0.7,2.5,0,20,0.25,"line_data",5.75,7.60040276877353,"true",5,TRUE
"N",4.11,-0.7,2.5,0,20,0.25,"line_data",6,7.429049662017,"true",5,TRUE
"N",4.11,-0.7,2.5,0,20,0.25,"line_data",6.25,7.25769655526048,"true",5,TRUE
"N",4.11,-0.7,2.5,0,20,0.25,"line_data",6.5,7.08634344850395,"true",5,TRUE
"N",4.11,-0.7,2.5,0,20,0.25,"line_data",6.75,6.91499034174743,"true",5,TRUE
"N",4.11,-0.7,2.5,0,20,0.25,"line_data",7,6.7436372349909,"true",5,TRUE
"N",4.11,-0.7,2.5,0,20,0.25,"line_data",7.25,6.57228412823438,"true",5,TRUE
"N",4.11,-0.7,2.5,0,20,0.25,"line_data",7.5,6.40093102147786,"true",5,TRUE
"N",4.11,-0.7,2.5,0,20,0.25,"line_data",7.75,6.22957791472133,"true",5,TRUE
"N",4.11,-0.7,2.5,0,20,0.25,"line_data",8,6.05822480796481,"true",5,TRUE
"N",4.11,-0.7,2.5,0,20,0.25,"line_data",8.25,5.88687170120828,"true",5,TRUE
"N",4.11,-0.7,2.5,0,20,0.25,"line_data",8.5,5.71551859445176,"true",5,TRUE
"N",4.11,-0.7,2.5,0,20,0.25,"line_data",8.75,5.54416548769524,"true",5,TRUE
"N",4.11,-0.7,2.5,0,20,0.25,"line_data",9,5.37281238093871,"true",5,TRUE
"N",4.11,-0.7,2.5,0,20,0.25,"line_data",9.25,5.20145927418219,"true",5,TRUE
"N",4.11,-0.7,2.5,0,20,0.25,"line_data",9.5,5.03010616742566,"true",5,TRUE
"N",4.11,-0.7,2.5,0,20,0.25,"line_data",9.75,4.85875306066914,"true",5,TRUE
"N",4.11,-0.7,2.5,0,20,0.25,"line_data",10,4.68739995391261,"true",5,TRUE
"N",4.11,-0.7,2.5,0,20,0.25,"line_data",10.25,4.51604684715609,"true",5,TRUE
"N",4.11,-0.7,2.5,0,20,0.25,"line_data",10.5,4.34469374039957,"true",5,TRUE
"N",4.11,-0.7,2.5,0,20,0.25,"line_data",10.75,4.17334063364304,"true",5,TRUE
"N",4.11,-0.7,2.5,0,20,0.25,"line_data",11,4.00198752688652,"true",5,TRUE
"N",4.11,-0.7,2.5,0,20,0.25,"line_data",11.25,3.83063442012999,"true",5,TRUE
"N",4.11,-0.7,2.5,0,20,0.25,"line_data",11.5,3.65928131337347,"true",5,TRUE
"N",4.11,-0.7,2.5,0,20,0.25,"line_data",11.75,3.48792820661695,"true",5,TRUE
"N",4.11,-0.7,2.5,0,20,0.25,"line_data",12,3.31657509986042,"true",5,TRUE
"N",4.11,-0.7,2.5,0,20,0.25,"line_data",12.25,3.1452219931039,"true",5,TRUE
"N",4.11,-0.7,2.5,0,20,0.25,"line_data",12.5,2.97386888634737,"true",5,TRUE
"N",4.11,-0.7,2.5,0,20,0.25,"line_data",12.75,2.80251577959085,"true",5,TRUE
"N",4.11,-0.7,2.5,0,20,0.25,"line_data",13,2.63116267283432,"true",5,TRUE
"N",4.11,-0.7,2.5,0,20,0.25,"line_data",13.25,2.4598095660778,"true",5,TRUE
"N",4.11,-0.7,2.5,0,20,0.25,"line_data",13.5,2.28845645932128,"true",5,TRUE
"N",4.11,-0.7,2.5,0,20,0.25,"line_data",13.75,2.11710335256475,"true",5,TRUE
"N",4.11,-0.7,2.5,0,20,0.25,"line_data",14,1.94575024580823,"true",5,TRUE
"N",4.11,-0.7,2.5,0,20,0.25,"line_data",14.25,1.77439713905171,"true",5,TRUE
"N",4.11,-0.7,2.5,0,20,0.25,"line_data",14.5,1.60304403229518,"true",5,TRUE
"N",4.11,-0.7,2.5,0,20,0.25,"line_data",14.75,1.43169092553866,"true",5,TRUE
"N",4.11,-0.7,2.5,0,20,0.25,"line_data",15,1.26033781878213,"true",5,TRUE
"N",4.11,-0.7,2.5,0,20,0.25,"line_data",15.25,1.08898471202561,"true",5,TRUE
"N",4.11,-0.7,2.5,0,20,0.25,"line_data",15.5,0.917631605269085,"true",5,TRUE
"N",4.11,-0.7,2.5,0,20,0.25,"line_data",15.75,0.746278498512559,"true",5,TRUE
"N",4.11,-0.7,2.5,0,20,0.25,"line_data",16,0.574925391756036,"true",5,TRUE
"N",4.11,-0.7,2.5,0,20,0.25,"line_data",16.25,0.403572284999512,"true",5,TRUE
"N",4.11,-0.7,2.5,0,20,0.25,"line_data",16.5,0.232219178242987,"true",5,TRUE
"N",4.11,-0.7,2.5,0,20,0.25,"line_data",16.75,0.0608660714864637,"true",5,TRUE
"N",4.11,-0.7,2.5,0,20,0.25,"line_data",17,-0.11048703527006,"true",5,TRUE
"N",4.11,-0.7,2.5,0,20,0.25,"line_data",17.25,-0.281840142026585,"true",5,TRUE
"N",4.11,-0.7,2.5,0,20,0.25,"line_data",17.5,-0.453193248783109,"true",5,TRUE
"N",4.11,-0.7,2.5,0,20,0.25,"line_data",17.75,-0.624546355539634,"true",5,TRUE
"N",4.11,-0.7,2.5,0,20,0.25,"line_data",18,-0.795899462296157,"true",5,TRUE
"N",4.11,-0.7,2.5,0,20,0.25,"line_data",18.25,-0.967252569052681,"true",5,TRUE
"N",4.11,-0.7,2.5,0,20,0.25,"line_data",18.5,-1.13860567580921,"true",5,TRUE
"N",4.11,-0.7,2.5,0,20,0.25,"line_data",18.75,-1.30995878256573,"true",5,TRUE
"N",4.11,-0.7,2.5,0,20,0.25,"line_data",19,-1.48131188932225,"true",5,TRUE
"N",4.11,-0.7,2.5,0,20,0.25,"line_data",19.25,-1.65266499607878,"true",5,TRUE
"N",4.11,-0.7,2.5,0,20,0.25,"line_data",19.5,-1.8240181028353,"true",5,TRUE
"N",4.11,-0.7,2.5,0,20,0.25,"line_data",19.75,-1.99537120959183,"true",5,TRUE
"N",4.11,-0.7,2.5,0,20,0.25,"line_data",20,-2.16672431634835,"true",5,TRUE
